{"mean": {"temperature_2m": 4.7889713687886015, "pressure_msl": 1010.9546640683495, "wind_speed_10m": 3.93486205300744, "precipitation": 0.08662816711117353, "snowfall": 0.01874198352400337, "snow_depth": 0.13641456988115286, "temperature_2m_next": 4.788932803434401, "precipitation_next": 0.08662736290473519, "wind_speed_10m_next": 3.93482648149448, "snowfall_next": 0.018741446167883213}, "scale": {"temperature_2m": 9.775563689175884, "pressure_msl": 12.302672872625612, "wind_speed_10m": 2.2899820111452933, "precipitation": 0.34447410021253444, "snowfall": 0.09367800572403945, "snow_depth": 0.22388611822930468, "temperature_2m_next": 9.775608506626057, "precipitation_next": 0.3444739947113379, "wind_speed_10m_next": 2.2899794480941247, "snowfall_next": 0.09367766389375512}}