{"min": {"relative_humidity_2m": -0.041666666666666664, "cloud_cover": 0.0, "wind_direction_10m": 0.0, "relative_humidity_2m_next": -0.041666666666666664}, "max": {"relative_humidity_2m": 95.95833333333333, "cloud_cover": 100.0, "wind_direction_10m": 360.0, "relative_humidity_2m_next": 95.95833333333333}}